drinkname,brand,price,quantity,typ
Flowdesk,DIPHENHYDRAMINE HYDROCHLORIDE,72,81,Isuzu
Bigtax,TERRASIL COLD SORE TREATMENT,96,93,Ford
Pannier,Enoxaparin Sodium,68,76,Chevrolet
Zathin,Hawaiian Tropic Dry,99,77,Hyundai
Trippledex,Witch Hazel,57,33,Nissan
Span,VALTREX,88,27,BMW
Cardify,ACER NEGUNDO POLLEN,74,82,Honda
Zathin,SORIATANE,72,22,Nissan
Job,Morphine Sulfate,19,7,Ford
Tres-Zap,Ceramide,47,5,Chevrolet
Vagram,CounterAct,63,70,Mercedes-Benz
Ronstring,Apiol,67,65,Chevrolet
Flexidy,Rite Aid Essential Defense,12,76,Audi
Stringtough,Neutrogena,33,17,Lexus
Daltfresh,Decon Hand Instant Hand Sanitizer,88,4,Honda
Cardguard,Muscle and Joint,10,82,Honda
Zamit,Naturals,1,9,Isuzu
Flexidy,Antibacterial Foam,35,73,Mitsubishi
Voyatouch,Rabbit Hair,2,67,Chrysler
Aerified,Bupropion Hydrochloride,22,70,Toyota
Solarbreeze,BOBBI BROWN SPF 50 PROTECTIVE FACE BASE,61,30,Chevrolet
Matsoft,Be gone Motion Sickness,90,35,Honda
Lotstring,Doxycycline Hyclate,22,77,Saab
Home Ing,Enoxaparin Sodium,10,92,Mazda
Hatity,Finasteride,32,11,Saturn
Tampflex,TOFRANIL,72,39,Nissan
Holdlamis,Hydralazine Hydrochloride,77,97,Buick
Cardguard,Clopidogrel bisulfate,92,57,Plymouth
Flowdesk,Olanzapine,97,1,Porsche
Tres-Zap,Ergocalciferol,27,35,Jaguar
Fixflex,Acetaminophen and Codeine,42,73,Ford
Cookley,Lemon,37,86,Chevrolet
Bytecard,Roxalia,33,18,Honda
Stim,Magnesium Citrate,40,68,Chrysler
Bitchip,Nitrogen,82,25,Audi
Holdlamis,Hydrocodone Bitartrate And Acetaminophen,61,58,Nissan
Biodex,Baby Respiration,60,81,Pontiac
Stringtough,ibuprofen,85,15,Dodge
Overhold,NutraRX Inflam Dr.,71,28,Dodge
Solarbreeze,Hand Sanitizer with Aloe,85,78,Volkswagen
Vagram,Levetiracetam,74,16,Mercedes-Benz
Y-find,Agaricus Muscarius Kit Refill,36,40,Dodge
Domainer,Ludent,41,28,Aston Martin
Flowdesk,Opana,71,88,Pontiac
Zontrax,OxyContin,84,82,Mitsubishi
Zontrax,Treatment Set TS332090,25,77,Dodge
Asoka,DEPRESSION,83,13,Ford
Span,Sulfamethoxazole and Trimethoprim,81,13,Chevrolet
Toughjoyfax,antiperspirant deodorant,12,29,GMC
Domainer,Anti-Diarrheal,34,41,Chevrolet
Stim,Gas Relief,21,55,Daewoo
Matsoft,Ziprasidone Hydrochloride,21,7,Toyota
Tin,TOLNAFTATE ANTIFUNGAL,48,84,Ford
Prodder,IMAGE ESSENTIALS,92,61,Jaguar
Treeflex,Meloxicam,9,93,Pontiac
Bytecard,Zermat Xtreme Roll-On Antiperspirant Deodorant,56,95,Buick
Fintone,Bald Cypress,18,39,Toyota
Voltsillam,CISplatin,65,54,Cadillac
Treeflex,Coconut Vanilla Hand Sanitizer,96,9,Nissan
Biodex,Stannum 0.4,79,27,Pontiac
Temp,THE SKIN EXTRA BB,42,40,Chevrolet
Overhold,ibuprofen,6,70,Chevrolet
Treeflex,Fosinopril sodium,6,11,Bentley
Andalax,Fluoxetine,94,31,Plymouth
Stringtough,Rivastigmine Tartrate,49,11,Volkswagen
Andalax,Valacyclovir Hydrochloride,54,74,Mitsubishi
Lotlux,Carbidopa and Levodopa,41,73,Porsche
Sub-Ex,Alprazolam,66,48,GMC
Sonair,TERUFLEX,5,66,Mercedes-Benz
Greenlam,Evista,55,38,Mazda
Zoolab,AHC Complex Choice EGF Booster,17,87,Ford
It,Vizamyl,43,90,Mercury
Holdlamis,RECOMBIVAX HB,5,42,Mazda
It,Divalproex Sodium,66,62,Ram
Trippledex,COLLAGEN HD PRIIMER BB,50,54,GMC
Bitchip,Pac-Dent Top Gel,16,1,Volkswagen
Sonsing,PERFECTION LUMIERE VELVET,46,27,GMC
Redhold,Budesonide,59,98,Chrysler
Solarbreeze,ceftriaxone,66,6,Honda
Cardguard,Lotrimin Ultra,50,98,Subaru
Home Ing,Temazepam,67,51,BMW
Alpha,Quinapril Hydrochloride,9,74,Ford
Cardguard,Antiseptic,93,84,Ram
Sub-Ex,Mirtazapine,54,24,Dodge
Ronstring,Morphine Sulfate,21,77,BMW
Lotlux,healthy accents cold and cough DM,37,10,Toyota
Keylex,Rimmel BB Beauty Balm,34,95,Pontiac
Voyatouch,Nivea A Kiss of Shimmer Radiant Lip Care,54,11,Audi
Flexidy,diltiazem hydrochloride,98,90,Ford
Cardify,Sore Throat Relief,44,80,Lexus
Toughjoyfax,Castellani Paint,97,38,Hyundai
Y-Solowarm,CORYLUS AMERICANA POLLEN,15,70,Volvo
Zoolab,Cough Relief,22,3,Kia
Konklux,Lovastatin,88,14,Volvo
Sonsing,Oxygen,78,79,Toyota
Tin,ADVANCED CELL BOOSTING EX BB,38,57,Infiniti
Stronghold,Sinus Congestion and Pain Severe,26,98,Chevrolet
Mat Lam Tam,Cardizem CD,99,49,Suzuki
Ventosanzap,Horse Epithelium,52,18,Mercedes-Benz
Lotstring,Heparin Sodium,68,75,GMC
Bitwolf,Phenazopyridine Hydrochloride,29,10,BMW
Domainer,Red Apple Antibacterial Hand,90,39,Daewoo
Konklab,Sinus Nighttime,47,57,Dodge
Flexidy,Fresh Linen Antibacterial Foaming Hand Wash,82,95,Bentley
Zathin,Arizona Ash,56,19,Mercedes-Benz
Zontrax,Divalproex Sodium,69,92,Pontiac
Transcof,Greasewood,75,79,Audi
Alphazap,Day Time Cold Multi-Symptom Severe,56,23,Dodge
Prodder,Cold-EEZE,92,42,Chevrolet
Voyatouch,Nadolol,15,18,Ford
Y-Solowarm,Clarifoam EF,59,22,Chevrolet
Bytecard,Pollens,23,99,Porsche
Alpha,Italian Rye Grass,89,92,GMC
Daltfresh,Elta Lite Tar,86,51,Volkswagen
Alpha,Cetirizine Hydrochloride,4,96,Mazda
Bigtax,Meloxicam,31,88,Oldsmobile
Biodex,Methocarbamol,51,92,Dodge
Asoka,Amoxicillin,49,60,Ford
Sonsing,Aquilinum Taraxacum,43,52,Dodge
Namfix,Human Parvovirus,72,76,Cadillac
Y-Solowarm,Clotrimazole,35,64,Dodge
Bamity,Thioridazine Hydrochloride,86,56,Maybach
Sub-Ex,Molds - Trichophyton Mix,83,47,Isuzu
Regrant,TENORMIN,76,11,Chevrolet
Veribet,Amiodarone Hydrochloride,35,1,Toyota
Zontrax,Patanol,67,32,Mercedes-Benz
It,Zolpidem Tartrate,40,69,Audi
Pannier,Intervene Makeup SPF 15,48,64,Lexus
Otcom,Cephalexin,95,38,Jeep
Bytecard,Sperian Eyesaline Eyewash,88,9,Oldsmobile
It,Fluocinonide,93,44,BMW
Zathin,CareOne Hair Regrowth Treatment,59,92,Maserati
Sonsing,Lithium Carbonate,9,13,Honda
Ventosanzap,Divalproex Sodium,36,32,Chevrolet
Tempsoft,Isoniazid,19,46,Nissan
Redhold,up and up cough suppressant dm,25,15,Toyota
Subin,Meloxicam,94,57,Lexus
Viva,Effer-K,11,23,Ford
Flowdesk,Levocarnitine,43,99,Ford
Stringtough,NU-DERM SYSTEM NORMAL-DRY,40,35,BMW
Zontrax,Carisoprodol,25,61,Maybach
Overhold,ibuprofen,70,72,Kia
Kanlam,Lyrica,25,68,Toyota
Konklux,La Roche,18,56,Chevrolet
Konklab,Pain Relief,6,67,Ford
Stringtough,divalproex sodium,99,25,Mercedes-Benz
Flowdesk,SHISEIDO SHEER MATIFYING COMPACT (REFILL),29,5,Chrysler
Kanlam,Lorazepam,82,21,Ford
Prodder,Bio Scleranthus,63,84,Lincoln
Opela,Inflammation OTC,62,2,Audi
Zontrax,ANTIBACTERIAL HAND SP WITH LIGHT MOISTURIZERS,7,8,Porsche
Overhold,SHISEIDO UV PROTECTIVE FOUNDATION,39,50,Toyota
Zathin,Care One Aspirin,86,7,BMW
Stringtough,napoleon,95,20,Dodge
Toughjoyfax,ibuprofen,74,98,Cadillac
Veribet,Venlafaxine Hydrochloride,35,11,Ford
Job,Lovastatin,19,85,Ford
Cookley,Western Water Hemp,39,73,Volvo
Home Ing,Hygea Benzalkonium Chloride,12,7,Mercury
Daltfresh,Oxybutynin Chloride,96,8,Honda
Matsoft,DR. RECKEWEG R74 Nocturnin,4,62,Mazda
Home Ing,Methylergonovine Maleate,30,93,Suzuki
Voltsillam,Age Defying Blemish Treatment,59,68,Buick
Voyatouch,Oxygen,7,94,Chrysler
Biodex,Ivory Perfecting Makeup Broad Spectrum SPF 25,54,29,Isuzu
Biodex,Promethazine Hydrochloride,87,60,Chevrolet
Flexidy,Ed Hardy Habit Antiseptic Hand Sanitizing Wipe,60,80,Subaru
Bitchip,NMC Magic Serum,78,24,Mazda
Konklab,Oxygen,30,98,Hummer
Tampflex,Pristall,67,26,Chrysler
Subin,Bupropion Hydrochloride,33,78,Suzuki
Span,Sertraline Hydrochloride,55,36,Mitsubishi
Flexidy,Clindamycin,22,13,Chevrolet
Pannier,fosphenytoin sodium,1,84,Mazda
Tin,Marcaine,5,82,Dodge
Voltsillam,Hexabrix,48,14,Ford
Zaam-Dox,Secret Brazil Clear,85,5,GMC
Fix San,Alfuzosin Hydrochloride,39,56,Volvo
Quo Lux,Octreotide Acetate,4,97,Pontiac
Opela,WELLBUTRIN,81,42,Lexus
Zamit,LidoStat,22,14,Tesla
Biodex,Neutrogena Body Clear Body Scrub,9,10,Cadillac
Holdlamis,Piperacillin and Tazobactam,80,38,Ford
Solarbreeze,Naturals,98,77,Mercedes-Benz
Trippledex,Metoprolol Tartrate,94,9,Porsche
Keylex,NICK RELIEF,24,76,BMW
Greenlam,Saccharate,,89,64,Ford
Keylex,FOSINOPRIL Na,68,91,Mazda
Vagram,Hydrochlorothiazide,1,50,Audi
Job,Hand Cleanse - Strawberry Pomegranate,39,30,Mercedes-Benz
Aerified,Sheer Cover Mineral Foundation,6,12,Ford
Biodex,False Ragweed,76,38,Pontiac
Viva,Night Relief Day Relief,44,52,Acura
Pannier,Cordia,50,30,CitroÃ«n
Cardguard,Medrol,8,20,Mercedes-Benz
Tempsoft,Theracodophen-325,22,62,Cadillac
Veribet,Atomoxetine Hydrochloride,66,98,Ford
Aerified,Creamy Petroleum Jelly,45,36,Pontiac
Zontrax,Claritin,91,43,Toyota
Bitwolf,Gehwol med Callus,45,81,Dodge
Mat Lam Tam,AcipHex,94,85,Isuzu
Domainer,Sun Care,13,35,Audi
Stim,Mycophenolate Mofetil,59,20,Mercury
Span,Risperidone,77,65,Infiniti
Keylex,RITE AID CAPSICUM HOT,53,74,BMW
Latlux,Wheat Stem Rust,85,75,Nissan
Home Ing,Treatment Set TS342109,75,42,Ford
Hatity,Metoclopramide,14,61,Mazda
Fix San,Veil Fluid Makeup Porcelain,49,72,BMW
Greenlam,Metronidazole,16,20,Volkswagen
Stim,Hormone Combination,1,23,Mercedes-Benz
Pannier,Fluconazole,67,33,Chevrolet
Greenlam,PANTOPRAZOLE SODIUM,27,87,Oldsmobile
Fintone,Salagen,52,54,Land Rover
Quo Lux,Fluvastatin Sodium,83,54,Studebaker
Konklab,BERBERIS QUARTZ,21,82,Chevrolet
Vagram,Amitriptyline Hydrochloride,14,93,Ford
Matsoft,BENAZEPRIL HYDROCHLORIDE,24,82,Mercedes-Benz
Aerified,FAMILY CARE BACK PAIN THERAPY,28,2,Chrysler
Regrant,Hydrocodone Bitartrate and Acetaminophen,36,86,Volkswagen
Wrapsafe,Sumatriptan Succinate,78,2,Alfa Romeo
Veribet,RIBASPHERE RibaPak,75,89,Chevrolet
Transcof,MILK OF MAGNESIA ORIGINAL,71,37,Mitsubishi
Prodder,Pollens,44,75,Pontiac
Bitchip,SULFACETAMIDE,12,3,Porsche
Biodex,Lamivudine,30,66,Kia
Tampflex,Carvedilol,82,12,Land Rover
Trippledex,Lyrica,52,26,Ford
Latlux,LBEL,26,85,GMC
Biodex,Trilipix,95,6,Isuzu
Regrant,Doxycycline Hyclate,1,76,Mercury
Subin,Earwax Removal Aid,66,87,Pontiac
Span,Metformin Hydrochloride,66,90,Nissan
Flexidy,Promolaxin,84,47,Saturn
Zaam-Dox,Valsartan and Hydrochlorothiazide,49,90,Saturn
Redhold,LBEL,6,42,Chevrolet
Y-Solowarm,Clinicians Complex,86,30,Volkswagen
Sonsing,Alka Seltzer,71,79,Suzuki
Opela,Carisoprodol,51,7,Jaguar
Fixflex,Hand Wash,51,62,Ferrari
Asoka,Milk of Magnesia,80,61,Acura
Quo Lux,Prednisone,87,77,Ford
Treeflex,POLYETHYLENE GLYCOL 3350,55,2,Lincoln
Bytecard,Coffee,57,95,Lexus
Transcof,Cefoxitin and Dextrose,44,5,Lotus
Tres-Zap,Levalbuterol,78,8,Mazda
Treeflex,Oxygen,100,20,Isuzu
Tres-Zap,J-COF,100,33,Dodge
Zaam-Dox,albuterol sulfate,3,53,Ford
Asoka,Isopropyl Alcohol,56,34,Nissan
Rank,Anastrozole,6,43,GMC
Latlux,COUMADIN,65,46,Nissan
Bigtax,Zafirlukast,90,68,Mercedes-Benz
Duobam,Ticlopidine Hydrochloride,67,30,Volkswagen
Y-Solowarm,LOVASTATIN,81,12,Daewoo
Greenlam,Droperidol,19,81,Volkswagen
Rank,Wounds Recovery,20,51,Buick
Gembucket,Diovan HCT,99,66,Mercedes-Benz
Wrapsafe,Losartan Potassium,1,13,Honda
Stim,Gabapentin,19,3,GMC
Zoolab,Octreotide,64,26,Dodge
Lotstring,Azithromycin,33,14,Volkswagen
Treeflex,CPDA-1,34,19,Lexus
Asoka,Mamma (sinistra) 6,54,38,Toyota
Tempsoft,Oxygen,86,42,Ford
Redhold,ELF Tinted Moisturizer SPF 20,35,88,Chevrolet
Domainer,Antispetic,12,25,Chevrolet
Job,Persantine,45,88,Lincoln
Veribet,Prazosin Hydrochloride,68,81,Audi
Lotstring,Anastrozole,13,4,Lincoln
Cookley,Clopidogrel Bisulfate,54,100,Volvo
Cardify,Black Cottonwood Pollen,73,33,Mercury
Mat Lam Tam,CAPTURE TOTALE MULTI-PERFECTION CREME SPF 20,13,62,Dodge
Y-Solowarm,SINGULAIR,48,50,Toyota
Andalax,LUICHEL SHINY CAKE NO 21,34,75,Lexus
Bigtax,Care One Medicated Lip Balm in a Pot,87,72,Honda
Gembucket,Cefdinir,75,28,GMC
Sonsing,Fluoride,64,95,Mercedes-Benz
Matsoft,Health Mart fiber,35,100,Dodge
Fix San,Black Willow,67,14,Buick
Tempsoft,Sheer Defense Tinted Moisturizer SPF15 L20,94,51,Ford
Gembucket,Dr. Jart Smart BB 01,36,53,Dodge
Aerified,MEIJER MEDICATED WIPES,47,32,Mitsubishi
Solarbreeze,Bentasil,60,83,Mazda
Span,Hydrocodone Bitartrate and Acetaminophen,36,1,Oldsmobile
Zontrax,Warts,86,30,Ford
Flowdesk,Candida albicans,43,45,Plymouth
Ventosanzap,Sodium Chloride,45,18,Scion
Sub-Ex,Venoforce,34,84,Lexus
Solarbreeze,TopCare day time severe cold and cough,95,82,Porsche
Regrant,Nux vomica,45,99,Mitsubishi
Zamit,Lithium Carbonate,35,77,Cadillac
Konklab,LANOXIN,13,78,Honda
Sonair,leader lice solution,7,1,Ford
Fintone,healthy accents daytime,4,94,Bentley
Zoolab,HYPERICUM PERFORATUM,23,31,Mercury
Sub-Ex,MAX HYALURONIC MASK,89,41,Toyota
Zontrax,Montelukast Sodium,1,73,Porsche
Quo Lux,Ketorolac Tromethamine,9,53,GMC
Tampflex,DG Health tussin cf,97,3,Toyota
Aerified,Losartan Potassium and Hydrochlorothiazide,59,99,Mitsubishi
Bitchip,Pear,66,15,Toyota
Trippledex,Sexual Identity,24,41,Plymouth
Fintone,Estradiol,5,59,Ford
Zaam-Dox,MINIPRIN,54,91,Lamborghini
Regrant,Hydrochlorothiazide,41,49,Mazda
Wrapsafe,ropinirole,67,57,Buick
Vagram,Furosemide,59,98,Isuzu
Duobam,Bioelements,15,39,Mazda
Fixflex,Passion Fruit Hand Sanitizer,23,77,Mercedes-Benz
Greenlam,SERTRALINE HYDROCHLORIDE,34,11,Chevrolet
Subin,Naproxen,23,86,Audi
Fixflex,Nifedipine,52,67,Infiniti
Zathin,Galan 40 (Number 46),26,85,Foose
Job,Alprazolam,98,37,Pontiac
Zamit,Lice Treatment,97,91,Mercedes-Benz
Veribet,Night Time Cherry,97,93,Dodge
Asoka,Diazepam,75,6,Studebaker
Tempsoft,HYDROCODONE BITARTRATE AND ACETAMINOPHEN,41,95,Ford
Alpha,ACNE SOLUTIONS,64,96,Pontiac
Stringtough,Extra Strength Rapid Release Acetaminophen PM,37,88,Buick
Tres-Zap,Oxybutynin Chloride,57,82,Chevrolet
Matsoft,BANANA BOAT,95,62,Toyota
Regrant,Hydrocortisone,98,26,Toyota
Viva,Metformin Hydrochloride,92,57,Mercedes-Benz
Stronghold,LATANOPROST,54,100,Ford
Keylex,SENNA TIME,21,81,Subaru
Fintone,Famotidine,23,58,Mercedes-Benz
Bamity,Depakote,95,44,Mercedes-Benz
Bitchip,Flores Formica Special Order,33,35,GMC
Ventosanzap,ACT Anticavity Fluoride Cinnamon,61,64,Porsche
Zamit,PROFESSIONAL WHITENING SYSTEM WHITENING,25,12,Infiniti
Wrapsafe,facematter,28,16,Saab
Sonsing,Liver,43,87,Toyota
Matsoft,up and up cold and sinus,92,64,Ford
Trippledex,Fentanyl,60,43,Mercury
Bamity,Brom Tapp,71,57,Volvo
Mat Lam Tam,ATOMY SUN CREAM SPF 50 PA,58,28,GMC
Home Ing,CD,75,52,Pontiac
Duobam,ESTRACE,6,42,Mitsubishi
Home Ing,Gastritis - Ulcer,89,75,GMC
Home Ing,Instant,66,41,Bentley
Greenlam,Atorvastatin Calcium,41,95,Hyundai
Ronstring,Miconazole 3,71,90,Isuzu
Tresom,Lisinopril and hydrochlorothiazide,92,81,Chevrolet
Bitwolf,Anti-Bacterial Hand,85,59,Mazda
Alpha,Fenofibrate,92,62,BMW
Zathin,Oxygen,86,53,Mazda
Job,FLUZONE QUADRIVALENT,26,93,GMC
Gembucket,Prednisone,90,54,Audi
Opela,Sumatriptan,18,76,Ford
Lotlux,Good Neighbor Pharmacy Night Time Severe,73,53,Nissan
Fix San,Dextroamphetamine,78,5,Kia
Alphazap,Trandolapril,57,41,Ford
Konklux,Pravastatin,88,62,Mercury
Cardify,Terazosin hydrochloride,25,28,Dodge
Pannier,Fluoride,46,75,GMC
Stronghold,Divalproex Sodium,21,13,Dodge
Temp,METHOTREXATE,20,83,Land Rover
Y-Solowarm,Ideal Flawless,59,5,Toyota
Daltfresh,Butalbital,75,55,Dodge
Redhold,DG Health Cough DM,17,98,Mercury
Bitchip,WEGMANS,8,97,Chevrolet
Solarbreeze,HAND SANITIZER,94,87,Nissan
Keylex,Desitin Multi-Purpose,26,78,Pontiac
Daltfresh,Diclofenac Potassium,18,77,Mercury
Kanlam,Ciprofloxacin,2,50,GMC
Fix San,Bromfenac,33,94,Land Rover
Veribet,Depo-Medrol,33,32,Lincoln
Pannier,Dicyclomine Hydrochloride,56,90,BMW
Daltfresh,Aveeno Active Naturals Eczema Therapy Care,69,68,Buick
Konklab,Ketoconazole,17,10,BMW
Overhold,Sun Shades Lip Balm,68,39,Subaru
Asoka,AcneFree,11,66,Nissan
Asoka,Isopropyl Alcohol Surgical Scrub,48,1,Dodge
Lotstring,Phenol,46,58,Mercedes-Benz
Y-find,CVS fast relief laxative,25,3,Toyota
Quo Lux,Furosemide,63,4,Lexus
Biodex,CYBER WHITE,29,91,Chevrolet
Zontrax,Bayberry,14,10,BMW
Aerified,ARNICA MONTANA,9,7,Toyota
Treeflex,Orajel Dry Mouth Moistruizing,57,58,Chevrolet
Daltfresh,Piroxicam,18,91,Ford
Domainer,Cyclease PMS,87,62,Volkswagen
Stim,Kids Travel Sickness,87,20,Chevrolet
Biodex,Pain Reliever Plus,75,34,Suzuki
Lotstring,Flounder,92,51,Mitsubishi
Daltfresh,Hydrocodone Bitartrate And Acetaminophen,40,39,Toyota
Tin,Kiehls,19,23,Pontiac
Lotlux,Oxacillin,2,84,BMW
Flowdesk,Winning Hands Alcohol Free,70,31,Buick
Zathin,Headache Relief,62,21,Mitsubishi
Y-find,Omeprazole,20,6,Volkswagen
Alpha,Coppertone kids,14,10,Cadillac
Bytecard,Good Neighbor Pharmacy Loperamide Hydrochloride,64,93,Mitsubishi
Mat Lam Tam,Amoxicillin and Clavulanate Potassium,87,19,Mercedes-Benz
Voltsillam,OXYGEN,5,27,Lincoln
Zaam-Dox,Care One Nicotine,19,46,Mazda
Sub-Ex,Sensipar,29,42,Ford
Cookley,PERFECTION LUMIERE,88,25,Audi
Flowdesk,Good Neighbor Pharmacy Nasal,56,41,Hyundai
Sonair,Amlodipine Besylate and Benazepril Hydrochloride,4,10,Dodge
Keylex,CALCAREA SULPHURICA,69,46,Jeep
Treeflex,Meclizine Hydrochloride,65,6,Mercury
Tampflex,arthritis pain reliever,100,54,Mitsubishi
Keylex,Koh Gen Do Aqua Foundation,63,19,Subaru
Flowdesk,AcetaZOLAMIDE,6,36,Honda
Alpha,Cacao Bean,98,32,Ford
Solarbreeze,Lovastatin,71,11,Pontiac
Tampflex,BETHANECHOL CHLORIDE,67,59,Audi
Lotstring,risperidone,76,69,Chrysler
Rank,Proforce Commercial Products,39,5,Ford
Wrapsafe,Cetirizine Hydrochloride,41,30,Jeep
Lotlux,MOZI-Q,96,68,Ford
Voltsillam,Erythromycin,59,54,Ford
Job,Hand Sanitizer,27,75,Pontiac
Zoolab,Lysol,83,72,Mitsubishi
Subin,Nifedipine,44,51,Lincoln
Alphazap,ELESTAT,41,96,Acura
Namfix,Addamel N,1,12,Buick
Fixflex,Sterile Diluent for Allergenic Extract,87,88,Kia
Home Ing,Dandruff,60,29,Isuzu
Opela,Goongsecret Mild Sun,49,32,Toyota
Stim,Metronidazole,9,10,Hyundai
Pannier,Dialyvite,81,99,BMW
Fixflex,topcare hemorrhoidal,1,58,Ford
Toughjoyfax,Trichloroacetic Acid 15%,31,69,Dodge
Quo Lux,Avelox,91,52,Suzuki
Cardify,JANUMET,10,40,Lincoln
Rank,BUPROPION HYDROCHLORIDE,88,62,Audi
Biodex,SHISEIDO ADVANCED HYDRO-LIQUID COMPACT (REFILL),33,30,Chevrolet
Zaam-Dox,bareMinerals,40,2,BMW
Trippledex,Gabapentin,39,31,Toyota
Toughjoyfax,Illusion,46,36,Chrysler
Ronstring,Baclofen,16,87,Chevrolet
Voltsillam,Povidone Iodine,32,43,Audi
Zoolab,Estring,53,49,Ford
Konklab,Dexmethylphenidate Hydrochloride,24,9,Isuzu
Cookley,Ergocalciferol,36,27,Ford
Stim,TAMNAMO ESSENTIAL HAIR TONIC,43,37,Scion
Rank,PAXIL,2,62,Hummer
Veribet,Fresh,56,26,Cadillac
Opela,Hand Wash,42,96,Plymouth
Cardguard,Amitriptyline Hydrochloride,55,60,Chevrolet
Regrant,TYVASO,96,53,Ford
Home Ing,Clonidine Hydrochloride,70,99,Mercedes-Benz
Ronstring,Rough Pigweed,32,41,Infiniti
Zathin,PEA,30,57,Oldsmobile
Stringtough,Molds,31,14,Mazda
Cardguard,Anti-Itch Wal-Dryl,99,53,Nissan
Fixflex,Night Time Cough Cherry,54,95,Ford
Home Ing,Parafon Forte DSC,82,55,BMW
Alpha,Olanzapine,32,95,Mercury
Greenlam,CARROT,31,61,Chevrolet
Prodder,Equisetum Viscum,18,87,Mitsubishi
Y-Solowarm,Enalapril Maleate,73,41,Mazda
Otcom,SPEEDGEL RX,51,52,Mercedes-Benz
Tres-Zap,Miconazole 7,48,70,Saab
Alphazap,Sheer,38,71,Buick
Sub-Ex,CEDAR FALL BLOOMING ELM POLLEN,8,76,Chevrolet
Job,Sleep Aid,66,31,Toyota
Daltfresh,Chloroquine,27,43,Chevrolet
Duobam,Duloxetine,10,79,Buick
It,Phillips Stool Softener,18,62,Dodge
Viva,Ceftibuten,27,36,Suzuki
Zathin,Fluconazole,79,30,Ford
Bamity,Galantamine,97,30,Ford
It,Apricot,7,64,GMC
Fintone,Methylphenidate Hydrochloride,75,97,Mercedes-Benz
Voltsillam,Ultracare Anesthetic,88,68,Scion
Bigtax,Sodium Bicarbonate,88,61,Mazda
Bamity,Ziprasidone Hydrochloride,65,22,Ford
Gembucket,Aspirin,26,88,Plymouth
Holdlamis,Livergen,55,70,Lotus
Fixflex,CLARINS,40,50,Suzuki
Y-find,QUETIAPINE FUMARATE,65,91,Chrysler
Zoolab,First Aid Research Bacitracin with Zinc,23,46,Volkswagen
Span,Diclofenac sodium and Misoprostol,2,87,Mercedes-Benz
Flowdesk,Rivastigmine Tartrate,7,25,Mazda
Andalax,Optimal Diet Plan,63,11,Cadillac
Veribet,Calcium Chloride,41,15,GMC
Tresom,Levoxyl,2,8,Nissan
Ronstring,PRAVACHOL,39,15,Acura
Sub-Ex,clearskin,40,90,Volkswagen
Cardify,LEVOXYL,21,77,Isuzu
Zathin,Lactulose,100,32,Ford
Subin,Insomnia Control,77,3,Hyundai
Lotlux,Ionite R,28,40,Volvo
Y-Solowarm,Soft Beige,14,28,Mercury
Flowdesk,Metoprolol Tartrate,66,44,Audi
Job,Senokot-S,99,4,Audi
Domainer,Crest Pro-Health,92,79,Toyota
Matsoft,Prograf,57,46,Ford
Flowdesk,JUVISYNC,12,22,Dodge
Konklux,FELODIPINE,97,82,Ram
Alphazap,CAREALL Petroleum,28,63,Dodge
Prodder,Benazepril Hydrochloride,34,16,Volvo
Cardify,Fycompa,47,37,Smart
Fixflex,Rite Aid RENEWAL,55,51,Toyota
Y-Solowarm,Ciprofloxacin,66,45,Volvo
Otcom,temazepam,59,28,Hyundai
Veribet,SHISEIDO UV PROTECTIVE FOUNDATION,100,31,BMW
Konklux,pravastatin sodium,67,12,Hyundai
Vagram,Novana Wash Perineal Skin Cleanser,18,39,Lincoln
Greenlam,Impact Fix Pure Essence Foundation,49,33,Mercury
Bitchip,Carbamazepine,63,11,Pontiac
Flowdesk,Herbalife SKIN,1,6,Oldsmobile
Bitwolf,Dr. Cocoa,25,38,Nissan
It,Tamsulosin Hydrochloride,93,49,Pontiac
Transcof,Mark 3,12,58,Suzuki
Span,Folic Acid,5,79,Chevrolet
Wrapsafe,Bengay Ultra Strength Pain Relieving,65,77,Ford
Transcof,Benazepril Hydrochloride,92,97,Mercury
Redhold,ReCreate Foundation,6,10,Mitsubishi
Cardify,Ribasphere,6,88,Volvo
Veribet,Alprazolam,94,87,Mercedes-Benz
Konklab,Glycare Acne,37,89,Chevrolet
Opela,Carvedilol,28,99,Mercedes-Benz
Rank,Cardizem LA,79,64,Mercedes-Benz
Lotlux,NIFEDIPINE,71,7,Infiniti
Sonair,DEMEROL,19,99,Mitsubishi
Tresom,Phentermine Hydrochloride,30,1,Porsche
Quo Lux,Iodine Tincture,11,78,Chevrolet
Tampflex,Hand Sanitizer,87,42,Mitsubishi
Bytecard,Voriconazole,85,6,Toyota
Greenlam,LA MER,22,40,Chevrolet
Toughjoyfax,CEFTRIAXONE,3,51,Chevrolet
Aerified,Hydralazine Hydrochloride,12,85,Ford
Lotstring,Skin Eruptions Cough,92,25,Chrysler
Treeflex,Nexiclon XR,8,82,Dodge
Sonair,Allium Cepa Kit Refill,33,48,Ford
Asoka,Molds,69,39,Pontiac
Voltsillam,Alcohol Prep Pad,35,92,Subaru
Bigtax,Balsalazide Disodium,5,72,Nissan
Kanlam,Gentle Eczema Balm,34,29,BMW
Asoka,Black Locust,89,31,Lotus
Lotstring,bareMinerals,53,20,Mitsubishi
Bytecard,ShopRite Pain Relief,35,2,GMC
Zathin,Trichophyton mentagrophytes,34,7,Kia
Domainer,Methylphenidate Hydrochloride,32,22,Buick
Redhold,Acetaminophen And Codeine,9,82,Volkswagen
Cardify,XtraCare Foaming Hand Sanitizer,33,64,Chevrolet
Span,Iodine Tincture Mild,1,37,Oldsmobile
Lotlux,Haloperidol,14,74,Buick
Quo Lux,GLIPIZIDE and METFORMIN HYDROCHLORIDE,77,36,Toyota
Tres-Zap,Amitriptyline Hydrochloride,31,91,Chrysler
Sonsing,NeobryXol Forte,2,8,Land Rover
Mat Lam Tam,Androgel,45,84,Ford
Biodex,Eucalyptus,100,100,Isuzu
It,Gowoonsesang Hydra Intensive Blemish Balm,33,76,Subaru
Asoka,Orange Pollen,79,8,Volkswagen
Andalax,Nabumetone,58,4,Cadillac
Toughjoyfax,Scallop,66,80,Volkswagen
Temp,Tobramycin,61,85,Porsche
Stronghold,TORSEMIDE,98,24,Oldsmobile
Zathin,CIPRO,70,39,Chevrolet
Voyatouch,Allergy Relief,5,65,Chrysler
Keylex,Couch Quack Grass,100,81,Dodge
Kanlam,PURE SELECT Purifying Anti-Aging,72,84,Volkswagen
Tresom,Hydralazine Hydrochloride,8,95,Dodge
Prodder,Mirapex,98,98,Chrysler
Kanlam,Perphenazine,7,100,Acura
Regrant,Irresistible Apple Scented Hand Sanitizer,26,45,Chevrolet
Bytecard,Mirtazapine,98,39,Cadillac
Mat Lam Tam,Afeditab,15,63,Chevrolet
Temp,Buprenorphine HCl and Naloxone HCl,87,57,Toyota
Job,Halls Naturals,29,83,Audi
Hatity,Propofol,16,47,Volvo
Flexidy,Metoprolol Tartrate,5,92,Honda
Zathin,EEMT,93,96,Toyota
Prodder,Nifedipine,70,68,Suzuki
Solarbreeze,OXYGEN,88,80,Toyota
Prodder,Mirtazapine,49,82,Acura
Solarbreeze,Symmetry,1,74,Mercedes-Benz
Trippledex,Amlodipine Besylate and Benazepril Hydrochloride,43,75,Ford
Tresom,CareAll Medicated Chest Rub,28,60,Land Rover
Trippledex,Lavender de Provence Antibacterial Hand Sanitizer,92,35,Dodge
Konklux,California Valley White Oak,5,44,Mercedes-Benz
Hatity,Torsemide,55,88,Dodge
Alphazap,Sarsaparilla Kit Refill,32,61,Toyota
Biodex,Loratadine and Pseudoephedrine Sulfate,60,49,BMW
Prodder,LEVAQUIN,56,67,Mazda
Tampflex,Pamidronate Disodium,79,34,Jaguar
Pannier,Oxygen,53,56,BMW
Alphazap,Tamiflu,38,76,Cadillac
Ventosanzap,CEFPROZIL,68,36,Lexus
Daltfresh,OXYGEN,74,68,Mercedes-Benz
Matsoft,flormar,7,89,Mercedes-Benz
Tresom,Creomulsion,26,38,Lincoln
Domainer,Biotox Para,74,96,Toyota
Treeflex,Ciprofloxacin,48,56,Chevrolet
Latlux,Afrezza,67,75,Mazda
Cookley,Ranitidine,41,16,Suzuki
Lotlux,Tamiflu,60,43,Audi
Andalax,La Vaquita,35,8,Dodge
Cardguard,Duloxetine,29,38,Mitsubishi
Fix San,Red Mulberry,64,21,Ford
Fixflex,Progena,60,27,Mercedes-Benz
Alphazap,good neighbor pharmacy pain relief,26,90,Infiniti
Flexidy,Medique Diphen,75,13,Dodge
Alpha,Lyrica,2,87,Spyker
Opela,Albuterol Sulfate,59,74,Chevrolet
Gembucket,ATACAND HCT,45,51,Ford
Flowdesk,Lopreeza,12,81,Honda
Zontrax,Hydrochlorothiazide,64,21,Toyota
Hatity,Fenofibric Acid,37,66,Buick
Tempsoft,Clomipramine Hydrochloride,2,68,Dodge
Alphazap,risedronate sodium,59,63,Dodge
Regrant,Tamiflu,69,55,Ford
Y-find,Losartan Potassium and Hydrochlorothiazide,61,48,Chevrolet
Hatity,equaline ibuprofen,52,15,Mazda
Toughjoyfax,Pollens,89,63,Plymouth
Transcof,Fluoxetine,84,25,Lexus
Stringtough,Well at Walgreens,32,97,Lincoln
Otcom,Canadian Blue Grass,31,87,Honda
Daltfresh,Aconitum Belladonna,52,38,Chevrolet
Vagram,PROMETHAZINE HYDROCHLORIDE,5,39,Ford
Prodder,Ampicillin and Sulbactam,47,83,Lincoln
Hatity,Ketoprofen,29,27,GMC
Toughjoyfax,Butalbital,3,26,Suzuki
Biodex,Paroxetine Hydrochloride,34,18,Pontiac
Wrapsafe,ColemanHand Sanitizer,26,88,MINI
Matsoft,Benazepril Hydrochloride,12,30,GMC
Tin,Carbidopa and levodopa,55,7,Nissan
Quo Lux,amlodipine besylate and benazepril hydrochloride,3,26,Toyota
Tresom,TOPCARE MEDICATED CLEANSING PADS,39,16,Pontiac
Home Ing,Fetzima,30,47,Mercury
Otcom,Captopril,94,72,Honda
Holdlamis,Fissure Control,72,36,Ford
Voyatouch,Cold-EEZE,18,39,Ford
Daltfresh,Danazol,90,40,Ford
Overhold,Triazolam,60,73,Mercedes-Benz
Biodex,False Ragweed,90,26,Ford
Matsoft,kirkland signature ibuprofen ib,38,92,Cadillac
Voltsillam,RAPID RELEASE ACETAMINOPHEN,29,27,Chevrolet
Opela,Adderall,76,100,Chevrolet
Solarbreeze,Sinuchron,94,12,Toyota
Toughjoyfax,SODIUM FLUORIDE,90,45,Ford
Rank,Virustat,11,94,Toyota
Latlux,Benztropine Mesylate,9,20,GMC
Span,Sore Throat,27,16,Oldsmobile
Mat Lam Tam,Purminerals 4 in 1 Makeup SPF 15 Medium Dark,20,53,Dodge
Duobam,Mood Swings,24,10,Lexus
Treeflex,Sei Bella Age-Defying Liquid Foundation,65,20,Ford
Lotlux,Anti-Aging Complex Eye Treatment,60,14,Ferrari
Wrapsafe,Cleanoz,97,19,BMW
Zontrax,simple pleasures,8,5,Chevrolet
Cardify,Alendronate Sodium,43,24,Dodge
Flexidy,Nitrogen,82,7,Volkswagen
Bitwolf,Hawaiian Tropic,19,1,Ford
Voyatouch,Oxycodone and Acetaminophen,76,32,Pontiac
Ronstring,Caduet,50,95,Mercedes-Benz
Opela,Amoxicillin,45,12,Chevrolet
Redhold,Topotecan,76,88,Scion
Stim,CLARINS,77,4,Chevrolet
Fixflex,Meclizine Hydrochloride,22,2,Ford
Vagram,RANITIDINE,79,77,Jaguar
Home Ing,Pleo Rec,96,40,Pontiac
Aerified,Tummy Calm,50,98,BMW
Ronstring,ATORVASTATIN CALCIUM,70,37,Ford
Zathin,Verapamil Hydrochloride,86,50,Ford
Cardguard,Rescula,3,73,Mitsubishi
Zamit,Injury/Trauma Complex,42,88,Hyundai
Subin,simple pleasures,82,6,Chevrolet
Hatity,Medical,4,50,Chevrolet
Greenlam,CLASSIC CLEAN 2 IN 1,34,36,Chevrolet
Alpha,Virt-Pn DHA,85,83,Acura
Tresom,Hydrocodone Bitartrate and Acetaminophen,87,31,Infiniti
Rank,Metronidazole,69,94,Pontiac
Job,Mirtazapine,95,87,Chrysler
Stringtough,Lortab,85,39,Jeep
Mat Lam Tam,LISINOPRIL AND HYDROCHLOROTHIAZIDE,44,8,Chevrolet
Regrant,Up and Up Acetaminophen,30,15,Pontiac
Subin,Nadolol,48,42,Oldsmobile
Fixflex,Head and Shoulders,85,58,Ford
Fixflex,Levofloxacin,48,26,Mercedes-Benz
Viva,DYMISTA,85,43,Chevrolet
Span,Solu-Cortef,70,80,Jaguar
Sonair,Benicar,70,1,Mazda
It,ZOLPIDEM TARTRATE,76,85,Mercedes-Benz
Bitwolf,Pure petroleum,11,60,Oldsmobile
Zamit,Ibuprofen and Pseudoephedrine Hydrochloride,76,11,Acura
Fintone,REQUIP,11,18,BMW
Home Ing,care one omeprazole,93,41,Mazda
Matsoft,Doxycycline,33,78,Subaru
Stronghold,Anti-Bacterial Hand,69,51,Pontiac
Home Ing,Mineral Wear Oh So Radiant Powder,49,38,Subaru
Tresom,Theo-24,7,78,Suzuki
Voltsillam,Esmolol Hydrochloride,29,1,Lexus
Stronghold,rexall bismuth,59,51,Lamborghini
Zathin,Dipyridamole,30,14,Dodge
Cookley,8 hour pain relief,4,61,Chevrolet
Ronstring,Contac Cold and Flu,64,51,Dodge
Voyatouch,Mary,61,25,Subaru
Veribet,Good Neighbor Pharmacy Pain Relief,1,93,Mazda
Stim,Colgate,39,4,Volkswagen
Sub-Ex,Bumetanide,99,86,Chevrolet
Fintone,sunmark ibuprofen pm,32,37,Maybach
Voltsillam,Nabumetone,80,69,Bentley
Gembucket,Amlodipine,76,47,Ford
Regrant,healthy accents nighttime,67,32,Chevrolet
Span,Estradiol,42,99,BMW
Lotstring,California Black Oak,15,12,GMC
Solarbreeze,Ipratropium Bromide,93,9,GMC
Duobam,REVIA,49,98,BMW
Treeflex,TobraDex,18,71,Honda
Andalax,Stay Alert Aid,7,1,Pontiac
Fix San,Lorazepam,84,60,Mercedes-Benz
Solarbreeze,Amoxicillin and Clavulanate Potassium,62,59,Ferrari
Tempsoft,TOPCARE,27,77,Pontiac
Span,BabyGanics Sunscreen,69,37,Lexus
Flowdesk,Advanced,41,83,Eagle
Regrant,Sentradine,18,24,Suzuki
Zamit,Lanoguard,87,59,Maserati
Home Ing,Black Locust,83,61,Buick
Wrapsafe,ESIKA,1,7,Nissan
Otcom,Diovan HCT,99,81,Pontiac
Temp,Caffeine Citrate,5,42,Mercedes-Benz
Voyatouch,Trokendi XR,45,49,Porsche
Pannier,Atenolol,16,55,Pontiac
Asoka,Right Guard Sport,3,33,Lamborghini
Daltfresh,Cervidil,26,84,Ford
Opela,Arthritic - Joint Care,55,13,Ford
Temp,Dilon 40 (Number 1),66,85,Porsche
Toughjoyfax,GMC Medical,42,73,Lexus
Home Ing,quetiapine fumarate,81,64,Nissan
Y-Solowarm,Metformin Hydrochloride,49,34,Toyota
Bitchip,FENTANYL TRANSDERMAL SYSTEM,93,71,Volkswagen
Stim,Broncomar,80,20,Chevrolet
Kanlam,Acetaminophen,20,73,Nissan
Zathin,simvastatin,7,66,Mazda
Temp,NEOMYCIN,33,76,Chevrolet
Daltfresh,Sodium Chromate 51,63,76,Volkswagen
Matsoft,Calcitriol,52,91,Jeep
Temp,Smart Sense Nicotine,19,24,Suzuki
Bigtax,Visipaque,67,20,Mitsubishi
Zoolab,LOTEMAX,81,30,GMC
Hatity,Tussin Cough Long Acting,15,48,GMC
Domainer,Alcohol Prep Pad,70,25,Chevrolet
Bytecard,Walgreen Sensitive Extra Whitening,53,41,Acura
Sonair,High Blood Pressure Chest Congestion and Cough,92,78,Hyundai
Cookley,Instant Hand Sanitizer,42,55,Volkswagen
Subin,Atenolol and Chlorthalidone,40,52,Chrysler
Rank,Green Guard Antiseptic First Aid,16,27,Jaguar
Fintone,Severe Allergy And Sinus Headache,19,72,Cadillac
Cardguard,lice kit,79,40,Ford
Voyatouch,Pure Transformation Sheer Tan,91,80,Toyota
Asoka,Doxazosin,58,34,Mercedes-Benz
Bamity,Coppertone oil free faces Sunscreen,77,18,Toyota
Stronghold,Sunmark Assorted Berries,48,50,Hummer
Job,Methyldopa,14,21,Isuzu
Stronghold,Fexofenadine Hydrochloride,72,21,Mazda
Bytecard,Mango Blossom,15,82,Mazda
Holdlamis,Amlodipine Besylate and Benazepril Hydrochloride,32,58,Maybach
Home Ing,Longleaf Pine,38,14,Cadillac
Pannier,Anger,79,17,Mercury
Toughjoyfax,Potassium Chloride,43,51,Plymouth
Asoka,risperidone,64,77,GMC
Tin,good neighbor pharmacy nicotine,33,98,Mercedes-Benz
Aerified,pravastatin sodium,31,82,Volkswagen
Home Ing,Lidocaine Hydrochloride and Epinephrine,29,29,Nissan
Zamit,NOXAFIL,44,24,Volkswagen
Fixflex,Direct Safety Extra Strength Aspirin Free,31,71,Honda
Sonair,Citalopram,32,1,Plymouth
Prodder,Urea,7,52,Ford
Subin,Ibuprofen,30,53,Nissan
Zontrax,Oxygen,65,25,Cadillac
Keylex,Notatum,82,66,GMC
Toughjoyfax,Glimepiride,43,93,Mercury
Hatity,Stool Softener,6,42,Nissan
Gembucket,Antispetic,59,18,Dodge
Cardguard,Ascomp with Codeine,83,16,Volkswagen
Zathin,Acyclovir Sodium,46,8,Nissan
Daltfresh,Divalproex sodium,93,81,Jeep
Tres-Zap,Dr L Advanced HCG Formula,1,77,Mitsubishi
Bigtax,DIORSNOW,90,44,Plymouth
Lotlux,Equaline Pain Relief,69,53,Ford
Solarbreeze,Brut Anti-perspirant and Deodorant,86,28,Chrysler
Regrant,Aldara,47,75,Chevrolet
Greenlam,GABITRIL,15,57,Mazda
Tresom,Olive Pollen,84,60,Plymouth
Biodex,O24 Pain Neutralizer,61,18,Chrysler
Voyatouch,Orphenadrine Citrate,97,29,Porsche
Tempsoft,ADAPALENE,72,48,GMC
Bytecard,Kinesys,33,62,Pontiac
Keylex,All Day Allergy,2,81,Chevrolet
Bigtax,Phenytoin Sodium,23,88,Pontiac
Voyatouch,Valsartan and Hydrochlorothiazide,64,19,Mitsubishi
Flowdesk,Pollens,54,78,Mercedes-Benz
Stronghold,Dextroamphetamine,78,26,Honda
Lotstring,INVEGA,45,23,Volvo
Gembucket,Gellert Joint Care,34,63,Kia
Solarbreeze,Clarins Rouge Hydra Nude - 03 Nude Beige,72,89,Saturn
Lotlux,OXYCODONE AND ACETAMINOPHEN,91,18,Infiniti
Regrant,Novolin,39,78,Honda
Treeflex,SORGHUM HALEPENSE POLLEN,86,71,Hyundai
Bitchip,Suboxone,25,30,Mazda
Voyatouch,Amlodipine besylate/atorvastatin calcium,50,60,Chevrolet
Opela,Anti-Diarrheal,79,82,Ford
Trippledex,edarbi,96,38,Hummer
Lotlux,ANTIBACTERIAL HAND SOAP,76,21,Plymouth
Pannier,Arizona Cypress,4,58,Pontiac
Stim,CARBOplatin,67,19,Mercedes-Benz
Y-find,Oxycodone Hydrochloride,90,11,Mazda
Bytecard,Balsam Poplar,45,32,Buick
Job,Medi-Scrub,79,31,Lincoln
Temp,flormar,65,92,Porsche
Lotlux,Hot Flashes,8,64,Acura
Zathin,Good Sense Nasal Decongestant PE,19,52,Geo
Gembucket,Ibuprofen,33,83,Saturn
Cookley,SEAWEED MEDICLEAR STEMCELL BB,26,38,Chevrolet
Flexidy,SHISEIDO SHEER AND PERFECT FOUNDATION,58,84,Ford
Konklux,Acetaminophen And Codeine,100,92,Hyundai
It,Metformin Hydrochloride,86,71,Honda
It,Bacterial Reliever,69,96,GMC
Greenlam,Edema - Fluid Retention,53,24,Hyundai
Asoka,Naproxen,2,39,Lexus
Asoka,H-Jock Itch Formula,6,9,Volvo
Andalax,Famotidine,84,76,Suzuki
Wrapsafe,Sotalol Hydrochloride,28,32,Mazda
Bigtax,Gentle Laxative,11,20,Toyota
Vagram,Cataracts,56,86,Mazda
Tres-Zap,BOBBI BROWN EXTRA,85,46,Chevrolet
Fintone,Climara,86,42,Pontiac
Zathin,XtraCare Invisible Solid Lady Stick Powder Fresh,18,20,Ford
Hatity,Prednisolone Sodium Phosphate,44,44,Toyota
Duobam,Unithroid,14,51,Chevrolet
Zontrax,ADVATE,20,72,Dodge
Redhold,FAMILY CARE ACNE TREATMENT,98,43,Chevrolet
Fixflex,equate Nicotine,30,36,Toyota
Pannier,Hydromorphone Hydrochloride,89,76,Kia
Aerified,Methocarbamol,7,87,Mitsubishi
Tres-Zap,Diclofenac Sodium,18,70,GMC
Stringtough,GNP Iodides Tincture,52,25,Chrysler
Regrant,Rx Act pain relief,75,20,Ford
Duobam,Sweet Clover Mixture,85,45,Subaru
Lotstring,Amitriptyline Hydrochloride,72,81,Lincoln
Veribet,Edluar,54,34,Peugeot
Bitwolf,Pleo San Cand,93,97,Nissan
Viva,Gabapentin,71,26,Toyota
Domainer,Cranberry Orange Antibacterial Foaming Hand Wash,9,6,Suzuki
Stronghold,Antibacterial Wet Wipes,86,36,Jeep
Konklab,Just For Kids,11,97,Pontiac
Treeflex,Estring,33,20,Chevrolet
Mat Lam Tam,Diovan HCT,30,23,Lexus
Wrapsafe,Oxygen,77,53,Buick
Cookley,Amitriptyline Hydrochloride,51,53,Volvo
Zaam-Dox,Divalproex Sodium,33,20,Ford
Tempsoft,PROGESTERONE,37,47,BMW
Pannier,TOPIRAMATE,8,16,Audi
Zathin,Prednisone,82,86,Toyota
Aerified,PMS Complex,14,100,Ford
Konklux,TheraTears Lubricant,58,21,Mitsubishi
Duobam,Dicyclomine Hydrochloride,50,96,Mitsubishi
Greenlam,SyCircue,72,85,Subaru
Subin,English Plantain,42,23,Mercury
Sub-Ex,Methylergonovine Maleate,30,7,Dodge
Y-Solowarm,Alcohol Prep Pad,91,22,Volkswagen
Cardguard,Treatment Set TS332147,80,78,Chevrolet
Viva,Eczema Skin Eruptions,49,6,Chevrolet
Daltfresh,Ciprofloxacin,83,62,Mitsubishi
Sub-Ex,Equate hemorrhoidal,40,33,Jaguar
Y-Solowarm,Phisohex,33,38,Jeep
It,Phycomyces,58,48,GMC
Fix San,C Lax Laxative,71,83,Toyota
Redhold,Ranitidine,38,25,Hyundai
Stronghold,LBEL REGRESSION JOUR,87,58,BMW
Wrapsafe,Moisturizing Antibacterial,82,76,Ford
Viva,Kaletra,25,84,Volvo
Mat Lam Tam,Boscia BB SPF 27 PA,25,51,Dodge
Duobam,Clindamycin Hydrochloride,69,48,Lincoln
Zaam-Dox,SOLIE TONER,85,38,BMW
Job,MODLINA,25,43,Buick
Bamity,Age Defying Blemish Treatment,14,89,Mercedes-Benz
Matsoft,Cymbalta,9,52,Hyundai
Y-find,Tylenol Arthritis Pain,65,47,Chevrolet
Overhold,Glipizide and Metformin Hydrochloride,44,49,Ford
Rank,Glynase,5,21,Chrysler
Holdlamis,Romazicon,61,39,Chevrolet
Zontrax,Head and Shoulders,68,52,Oldsmobile
Mat Lam Tam,Zometa,62,29,Jeep
Daltfresh,pramipexole dihydrochloride,89,67,Volkswagen
Stim,Klor-Con M20,10,62,Lamborghini
Tresom,Digoxin,45,37,Ford
Bamity,Lodrane D,28,49,GMC
Tres-Zap,Vaprino A-D,25,58,Pontiac
Cardify,MAXALT-MLT,99,66,Audi
Flexidy,ESIKA,52,56,Lincoln
Bigtax,Topex,37,65,Geo
Bigtax,Helleborus e pl. tota 3 Special Order,41,69,Chevrolet
Latlux,Carvedilol,86,85,Suzuki
Y-find,Trandolapril,71,47,Mercedes-Benz
Viva,Acetaminophen Rapid Release,2,49,Acura
Namfix,Ceftriaxone,24,58,Ford
Home Ing,Quetiapine Fumarate,49,4,Subaru
Aerified,Eucalyptus e fol. 5,8,65,Chevrolet
Zathin,Hydralazine Hydrochloride,56,72,Hyundai
Alphazap,Ciprofloxacin,50,49,Ford
Y-Solowarm,Hydrochlorothiazide,11,83,Mercedes-Benz
Flexidy,Levetiracetam,48,8,Honda
Viva,Good Sense All Day Allergy D,36,13,Volkswagen
Tampflex,Desipramine Hydrochloride,20,43,Suzuki
Sonair,Australian Gold,3,66,Dodge
Mat Lam Tam,Neutrogena All in 1 Acne Control,71,3,Ford
Redhold,Duck Feathers,94,86,Chevrolet
Sub-Ex,Skin So Soft,79,82,Mazda
Viva,OXYGEN,72,21,Chrysler
Matsoft,Primer,97,98,Chevrolet
Voltsillam,Norco,1,54,Aston Martin
Aerified,Petroleum Jelly,80,58,Mercedes-Benz
Tres-Zap,Dexamethasone,93,36,Hyundai
Zathin,CHAPSTICK CLASSICS ORIGINAL,16,72,Volvo
Zaam-Dox,Cystoges,25,19,Hyundai
Zathin,Allergy Relief,21,64,Mazda
Domainer,Xyzal,72,57,Saturn
It,Miconazole 1,23,86,Kia
Fixflex,diaCare Childrens Decongestant,22,9,Toyota
Subin,Equate Complete,46,25,Acura
Temp,Mephyton,98,72,Mitsubishi
Daltfresh,Clotrimazole,84,59,Ford
Lotstring,Effient,80,53,Nissan
Andalax,Alodox,14,59,Dodge
Y-find,Speed Stick Gear Fresh Force,13,47,Mercedes-Benz
Zamit,Alka-Seltzer Plus,40,47,Mitsubishi
Veribet,Ranitidine Hydrochloride,59,60,Chevrolet
Zamit,Vaporizing Colds Rub,71,46,Pontiac
Bytecard,Hydrocodone,59,54,Honda
Zathin,Oxaliplatin,26,95,Lamborghini
Duobam,CELEBREX,28,10,GMC
Veribet,Sodium Chloride,68,48,Chevrolet
Matsoft,Myo-Breathe,17,12,Hyundai
Trippledex,DR,86,92,Nissan
Overhold,Gabapentin,46,85,Hyundai
Redhold,Freshscent Sport Antibacterial,81,78,Maybach
Alphazap,Retin-A,64,34,Oldsmobile
Tresom,DIABETIC ULCER DEFENSE,78,18,Ford
Alphazap,LOPERAMIDE HYDROCHLORIDE,95,31,Volkswagen
Bigtax,DOUBLE PERFECTION LUMIERE,51,6,Audi
Quo Lux,VALACYCLOVIR HYDROCHLORIDE,85,59,Lamborghini
Span,TOPIRAMATE,40,25,Porsche
Bamity,Ranitidine,61,5,BMW
Matsoft,Alprazolam,93,3,GMC
Regrant,THYMUS,71,43,Toyota
Cardify,Risperidone M-TAB,6,87,Scion
Redhold,VIDEX,43,47,Chevrolet
Flexidy,heartburn relief,93,49,Ford
Home Ing,Nystatin,41,2,BMW
Voltsillam,Naproxen Sodium,84,61,Chevrolet
It,Collagen 6 Special Order,70,44,Mercedes-Benz
Tempsoft,MUS MUSCULUS SKIN,6,70,Toyota
Overhold,Ampicillin,47,21,Toyota
Temp,TN Dickinsons Witch Hazel Hemorrhoidal Pads,17,45,Dodge
Fix San,Gastrotone,33,78,Mazda
Duobam,methylphenidate hydrochloride,82,10,Mercedes-Benz
Prodder,GUNA-PMS,5,76,Ford
Gembucket,Sweet,87,60,Volvo
Hatity,Koh Gen Do Maifanshi Makeup Color Base,50,63,Chevrolet
Cookley,Senna Laxative,83,24,Volkswagen
Flowdesk,TUBERSOL,83,86,Toyota
Fix San,Foscavir UK,3,38,Acura
Viva,Oral-B NeutraCare Mint,20,48,GMC
Wrapsafe,Nasal Four,28,36,Lexus
Cookley,SLEEP AID,53,64,BMW
Opela,BUPROPION HYDROCHLORIDE,99,30,Ford
Solarbreeze,Hydroxyzine Pamoate,79,40,GMC
Bytecard,CellCept,43,66,Chevrolet
Konklux,Topcare Mucus Relief,4,46,Lamborghini
Home Ing,Premier Value,20,55,Ford
Fintone,Diltiazem Hydrochloride,42,27,Infiniti
Gembucket,HepatAmine,50,76,Honda
Zontrax,Childrens Tylenol,46,46,Jeep
Rank,Drainage,41,58,GMC
Y-Solowarm,Triamterene and Hydrochlorothiazide,78,8,Ford
Voyatouch,Hydralazine Hydrochloride,12,21,Mazda
Sonsing,QUALITY CHOICE LUBRICANT EYE,37,56,Lexus
Viva,Levofloxacin,78,32,Hyundai
Zoolab,equaline vagicaine,47,7,Dodge
Bitchip,HEB,87,42,Audi
Tres-Zap,LBEL COULEUR LUXE AMPLIFIER XP,61,83,Volkswagen
Stringtough,Alprazolam,1,100,Mitsubishi
Pannier,Bellagio Childrens Sunscreen SPF 45,71,18,Lotus
Hatity,Aspirin,8,21,Pontiac
Otcom,Hydroxyzine,86,31,Mercedes-Benz
Cookley,Fluconazole,25,33,Dodge
Biodex,Purgo Satin Foam,1,42,Toyota
Bytecard,Calcium Plus,100,12,Infiniti
Domainer,DELFLEX,86,1,Audi
Cookley,Lyrica,4,97,Chrysler
Vagram,Lamotrigine,13,76,Ford
Alpha,Western Family Pain Relieving,50,54,Chevrolet
Prodder,Propranolol Hydrochloride,20,51,Buick
Vagram,topcare loperamide hydrochloride,5,74,Honda
Konklux,LBEL,13,20,Mercedes-Benz
Bytecard,Sleep Assist,19,59,Buick
Lotstring,Direct Safety Ibuprofen,4,40,Dodge
Lotstring,HYVEE,90,97,BMW
Zoolab,Head and Shoulders Dual Sachets,85,32,Lincoln
Biodex,Oxycodone hydrochloride,74,58,Maybach
Biodex,Meclizine Hydrochloride,49,17,Porsche
Wrapsafe,Gambil Oak,45,43,BMW
